{
  "news": [
    {
      "id": 1,
      "title": "Tesla increases Bitcoin holdings amid market optimism",
      "content": "Tesla announced it increased BTC holdings, citing growing institutional demand.",
      "coin": "Bitcoin",
      "timestamp": "2025-09-01T10:20:00Z"
    },
    {
      "id": 2,
      "title": "Ethereum upgrade reduces gas fees by 30% on average",
      "content": "The latest Ethereum update improved throughput leading to lower fees.",
      "coin": "Ethereum",
      "timestamp": "2025-09-02T12:00:00Z"
    },
    {
      "id": 3,
      "title": "Solana network experiences intermittent congestion",
      "content": "Validator configuration caused temporary congestion but resolved within hours.",
      "coin": "Solana",
      "timestamp": "2025-09-03T08:45:00Z"
    }
  ]
}


